ORF,POSITION,GENERATION,ECHANTILLON,FREQUENCE ALL,TYPE DE FICHIER,LONGUEUR,TYPE DE MUTATION,DV,DP
CyHV3_ORF19,37879,P15,10,0.625,sv,74,INS,2400,3842
CyHV3_ORF19,37879,P15,10,0.34,sv,80,INS,1308,3842
CyHV3_ORF33|CyHV3_ORF44|CyHV3_ORF45|CyHV3_ORF46|CyHV3_ORF47|CyHV3_ORF48,81347,P15,10,0.178,sv,3157,INS,608,3419
CyHV3_ORF75|CyHV3_ORF77|CyHV3_ORF78,142608,P15,10,0.657,sv,6168,INS,2031,3089
CyHV3_ORF97,177568,P15,10,0.802,sv,-48,DEL,2475,3086
,31256,P15,3,0.708,sv,-27,DEL,499,705
CyHV3_ORF17,32540,P15,3,0.575,sv,29,INS,404,702
CyHV3_ORF27,49268,P15,3,0.714,sv,-75,DEL,512,717
,95731,P15,3,0.705,sv,-11,DEL,419,594
CyHV3_ORF116|CyHV3_ORF117,210810,P15,3,0.709,sv,-27,DEL,466,657
CyHV3_ORF145,249095,P15,3,0.645,sv,10,INS,479,743
,265177,P15,3,0.972,sv,12,INS,659,678
,270645,P15,3,0.675,sv,-15,DEL,429,636
CyHV3_ORF6_1,11375,P15,4,1.0,sv,31,INS,630,630
CyHV3_ORF7_1|CyHV3_ORF8_1,16099,P15,4,0.401,sv,-10,DEL,446,1113
CyHV3_ORF17,32540,P15,4,0.562,sv,27,INS,1202,2138
CyHV3_ORF19,37879,P15,4,0.563,sv,74,INS,1136,2016
CyHV3_ORF19,37879,P15,4,0.301,sv,80,INS,607,2016
CyHV3_ORF97,177574,P15,4,0.853,sv,-48,DEL,1295,1518
CyHV3_ORF6_2,284052,P15,4,1.0,sv,31,INS,750,750
,31256,P15,5,1.0,sv,-27,DEL,648,648
CyHV3_ORF17,32540,P15,5,0.83,sv,26,INS,518,624
CyHV3_ORF27,49268,P15,5,1.0,sv,-75,DEL,552,552
,95731,P15,5,0.925,sv,-11,DEL,443,479
CyHV3_ORF68|CyHV3_ORF69,127195,P15,5,0.951,sv,-12,DEL,461,485
CyHV3_ORF75|CyHV3_ORF77|CyHV3_ORF78,143509,P15,5,0.844,sv,-24,DEL,401,475
CyHV3_ORF84|CyHV3_ORF85,155446,P15,5,1.0,sv,-66,DEL,455,455
CyHV3_ORF97,178820,P15,5,0.948,sv,-12,DEL,440,464
CyHV3_ORF116|CyHV3_ORF117,210810,P15,5,1.0,sv,-27,DEL,523,523
CyHV3_ORF145,249095,P15,5,0.836,sv,10,INS,516,617
,265177,P15,5,0.89,sv,12,INS,592,665
,22398,P15,6,0.796,sv,12,INS,652,819
,22620,P15,6,0.882,sv,48,INS,719,815
CyHV3_ORF11|CyHV3_ORF12,29473,P15,6,0.832,sv,24,INS,664,798
CyHV3_ORF19,37879,P15,6,0.619,sv,22,INS,501,809
CyHV3_ORF25,47131,P15,6,0.805,sv,18,INS,682,847
CyHV3_ORF30,53453,P15,6,0.837,sv,38,INS,742,887
CyHV3_ORF33|CyHV3_ORF40|CyHV3_ORF41,60281,P15,6,0.918,sv,-25,DEL,787,857
CyHV3_ORF33|CyHV3_ORF43,69696,P15,6,0.847,sv,27,INS,698,824
CyHV3_ORF33|CyHV3_ORF44|CyHV3_ORF45,76048,P15,6,0.833,sv,-66,DEL,688,826
CyHV3_ORF33|CyHV3_ORF44|CyHV3_ORF45|CyHV3_ORF46|CyHV3_ORF47|CyHV3_ORF48,83046,P15,6,0.746,sv,39,INS,592,794
CyHV3_ORF49,90594,P15,6,0.844,sv,25,INS,664,787
CyHV3_ORF49|CyHV3_ORF52,90695,P15,6,0.872,sv,-15,DEL,683,783
CyHV3_ORF49|CyHV3_ORF52,91154,P15,6,0.662,sv,84,INS,514,777
CyHV3_ORF49|CyHV3_ORF52,91622,P15,6,0.779,sv,-10,DEL,602,773
CyHV3_ORF68|CyHV3_ORF69,131013,P15,6,0.936,sv,-33,DEL,600,641
CyHV3_ORF69,133271,P15,6,0.717,sv,-12,DEL,458,639
CyHV3_ORF75|CyHV3_ORF77|CyHV3_ORF78,143509,P15,6,0.903,sv,-96,DEL,605,670
CyHV3_ORF84|CyHV3_ORF85,155447,P15,6,0.917,sv,-32,DEL,639,697
CyHV3_ORF89,165060,P15,6,0.859,sv,18,INS,577,672
CyHV3_ORF116|CyHV3_ORF117,210810,P15,6,0.826,sv,-18,DEL,666,806
CyHV3_ORF122,216443,P15,6,0.885,sv,90,INS,753,851
,228198,P15,6,0.975,sv,74,INS,907,930
CyHV3_ORF139,240001,P15,6,0.759,sv,-21,DEL,707,931
CyHV3_ORF148,254131,P15,6,1.0,sv,-18,DEL,906,906
CyHV3_ORF149,256462,P15,6,0.871,sv,39,INS,802,921
CyHV3_ORF156,272012,P15,6,0.86,sv,-24,DEL,763,887
,272739,P15,6,0.606,sv,-11,DEL,533,879
CyHV3_ORF1_2,273887,P15,6,0.826,sv,12,INS,644,780
CyHV3_ORF6_1,11375,P15,7,1.0,sv,31,INS,835,835
CyHV3_ORF17,32540,P15,7,0.67,sv,26,INS,2136,3186
CyHV3_ORF19,37879,P15,7,0.671,sv,74,INS,2051,3057
CyHV3_ORF19,37879,P15,7,0.327,sv,80,INS,1001,3057
CyHV3_ORF97,177570,P15,7,0.818,sv,-48,DEL,1942,2373
CyHV3_ORF6_2,284052,P15,7,1.0,sv,31,INS,1006,1006
CyHV3_ORF6_1,11375,P15,8,1.0,sv,31,INS,677,677
CyHV3_ORF7_1|CyHV3_ORF8_1,16099,P15,8,0.428,sv,-10,DEL,462,1079
CyHV3_ORF19,37879,P15,8,0.571,sv,78,INS,1234,2160
CyHV3_ORF49|CyHV3_ORF50|CyHV3_ORF51,85419,P15,8,0.575,sv,7568,INS,1130,1966
CyHV3_ORF65,122251,P15,8,1.0,sv,5459,INS,2145,2145
CyHV3_ORF97,177568,P15,8,0.963,sv,-46,DEL,1615,1677
,272771,P15,8,0.902,sv,3210,INS,1875,2078
CyHV3_ORF17,32540,P15,9,1.0,sv,31,INS,4236,4236
CyHV3_ORF19,37879,P15,9,0.611,sv,72,INS,2060,3374
CyHV3_ORF33|CyHV3_ORF41,61833,P15,9,0.17,sv,2910,INS,519,3050
CyHV3_ORF97,177570,P15,9,0.891,sv,-48,DEL,2377,2667
CyHV3_ORF6_2,284052,P15,9,0.977,sv,31,INS,1126,1152
CyHV3_ORF19,37879,P30,10,0.552,sv,74,INS,2204,3991
CyHV3_ORF122,216443,P30,10,1.0,sv,99,INS,4379,4379
,228198,P30,10,1.0,sv,74,INS,4251,4251
,22620,P30,1,0.663,sv,48,INS,780,1177
,31256,P30,1,0.539,sv,-27,DEL,644,1194
CyHV3_ORF17,32540,P30,1,0.389,sv,-19,DEL,451,1159
CyHV3_ORF27,49268,P30,1,0.981,sv,-75,DEL,1069,1090
CyHV3_ORF33|CyHV3_ORF40|CyHV3_ORF41,60281,P30,1,0.49,sv,-25,DEL,520,1061
CyHV3_ORF33|CyHV3_ORF43,69696,P30,1,0.755,sv,27,INS,796,1055
CyHV3_ORF33|CyHV3_ORF44|CyHV3_ORF45,76048,P30,1,0.79,sv,-66,DEL,810,1025
CyHV3_ORF33|CyHV3_ORF44|CyHV3_ORF45|CyHV3_ORF46|CyHV3_ORF47|CyHV3_ORF48,83046,P30,1,0.584,sv,39,INS,582,997
CyHV3_ORF49,90594,P30,1,0.467,sv,25,INS,415,888
CyHV3_ORF49|CyHV3_ORF52,90695,P30,1,0.751,sv,-15,DEL,671,893
CyHV3_ORF49|CyHV3_ORF52,91154,P30,1,0.545,sv,84,INS,498,914
CyHV3_ORF49|CyHV3_ORF52,91622,P30,1,0.619,sv,-10,DEL,574,927
CyHV3_ORF68|CyHV3_ORF69,131013,P30,1,0.975,sv,-33,DEL,988,1013
CyHV3_ORF69,133271,P30,1,0.903,sv,-12,DEL,894,990
CyHV3_ORF75|CyHV3_ORF77|CyHV3_ORF78,143509,P30,1,0.903,sv,-96,DEL,921,1020
CyHV3_ORF84|CyHV3_ORF85,155446,P30,1,0.857,sv,-33,DEL,867,1012
CyHV3_ORF89,165060,P30,1,0.733,sv,18,INS,668,911
CyHV3_ORF97,177568,P30,1,0.596,sv,-76,DEL,560,939
CyHV3_ORF101,188010,P30,1,0.901,sv,-24,DEL,884,981
CyHV3_ORF101,188695,P30,1,0.813,sv,24,INS,811,997
CyHV3_ORF101|CyHV3_ORF103,192550,P30,1,0.835,sv,24,INS,821,983
CyHV3_ORF110,203513,P30,1,0.772,sv,-22,DEL,800,1036
CyHV3_ORF116|CyHV3_ORF117,210810,P30,1,0.823,sv,-18,DEL,893,1085
CyHV3_ORF122,216552,P30,1,0.89,sv,81,INS,966,1085
,228198,P30,1,1.0,sv,74,INS,1151,1151
,229939,P30,1,1.0,sv,-17,DEL,1169,1169
CyHV3_ORF135,230496,P30,1,0.897,sv,15,INS,1049,1169
CyHV3_ORF136,231446,P30,1,0.902,sv,12,INS,1064,1179
CyHV3_ORF139,240001,P30,1,0.684,sv,-21,DEL,799,1168
CyHV3_ORF149,256462,P30,1,0.961,sv,39,INS,1195,1243
CyHV3_ORF156,272012,P30,1,0.866,sv,-24,DEL,1155,1333
CyHV3_ORF105|CyHV3_ORF106|CyHV3_ORF107,196282,P30,2,0.808,sv,16622,INS,3164,3917
CyHV3_ORF6_1,11384,P30,3,0.518,sv,-33,DEL,1634,3154
CyHV3_ORF7_1|CyHV3_ORF8_1,16096,P30,3,0.234,sv,-20,DEL,688,2945
CyHV3_ORF7_1|CyHV3_ORF8_1,16096,P30,3,0.213,sv,-50,DEL,628,2945
,22620,P30,3,0.697,sv,48,INS,1140,1636
,31256,P30,3,0.451,sv,-27,DEL,763,1691
CyHV3_ORF17,32540,P30,3,0.517,sv,-19,DEL,870,1682
CyHV3_ORF19,37879,P30,3,0.386,sv,22,INS,623,1615
CyHV3_ORF19,37879,P30,3,0.251,sv,78,INS,405,1615
CyHV3_ORF25,47131,P30,3,0.414,sv,18,INS,657,1586
CyHV3_ORF27,49268,P30,3,0.905,sv,-75,DEL,1421,1570
CyHV3_ORF30,53453,P30,3,0.642,sv,38,INS,1023,1593
CyHV3_ORF33|CyHV3_ORF40|CyHV3_ORF41,60281,P30,3,0.902,sv,-25,DEL,1479,1640
CyHV3_ORF33|CyHV3_ORF43,69696,P30,3,0.874,sv,27,INS,1347,1542
CyHV3_ORF33|CyHV3_ORF44|CyHV3_ORF45,76048,P30,3,0.567,sv,-66,DEL,877,1546
CyHV3_ORF33|CyHV3_ORF44|CyHV3_ORF45|CyHV3_ORF46|CyHV3_ORF47|CyHV3_ORF48,83046,P30,3,0.725,sv,39,INS,1052,1452
CyHV3_ORF49,90594,P30,3,0.325,sv,25,INS,469,1445
CyHV3_ORF64,120042,P30,3,0.346,sv,18,INS,452,1305
CyHV3_ORF68|CyHV3_ORF69,131013,P30,3,0.677,sv,-33,DEL,923,1364
CyHV3_ORF75|CyHV3_ORF77|CyHV3_ORF78,143509,P30,3,0.709,sv,-96,DEL,930,1311
CyHV3_ORF84|CyHV3_ORF85,155446,P30,3,1.0,sv,-33,DEL,1454,1454
CyHV3_ORF89,165060,P30,3,0.726,sv,18,INS,995,1370
CyHV3_ORF97,177568,P30,3,0.609,sv,-76,DEL,825,1354
CyHV3_ORF99,186552,P30,3,0.874,sv,-11,DEL,1253,1433
CyHV3_ORF101,188010,P30,3,0.766,sv,-24,DEL,1102,1439
CyHV3_ORF101,188695,P30,3,0.748,sv,24,INS,1076,1439
CyHV3_ORF101|CyHV3_ORF103,192550,P30,3,0.854,sv,24,INS,1186,1388
CyHV3_ORF110,203513,P30,3,0.703,sv,-22,DEL,998,1420
CyHV3_ORF122,216443,P30,3,0.817,sv,90,INS,1197,1465
,228198,P30,3,1.0,sv,74,INS,1574,1574
,229939,P30,3,1.0,sv,-17,DEL,1771,1771
CyHV3_ORF139,240001,P30,3,0.784,sv,-21,DEL,1332,1699
CyHV3_ORF149,256462,P30,3,1.0,sv,39,INS,1984,1984
CyHV3_ORF156,272012,P30,3,0.63,sv,-24,DEL,1070,1698
,1347,P30,4,0.467,sv,6383,INS,2720,5825
CyHV3_ORF30|CyHV3_ORF31|CyHV3_ORF33,54238,P30,5,0.866,sv,4977,INS,3760,4343
CyHV3_ORF70|CyHV3_ORF71|CyHV3_ORF72,138818,P30,6,1.0,sv,8855,INS,5949,5949
CyHV3_ORF97,177568,P30,7,0.787,sv,-76,DEL,2132,2709
CyHV3_ORF9,22914,P30,8,0.339,sv,5867,INS,1091,3216
CyHV3_ORF19,37879,P30,8,0.624,sv,74,INS,1875,3005
CyHV3_ORF122,216443,P30,8,1.0,sv,99,INS,3352,3352
,228198,P30,8,1.0,sv,74,INS,3106,3106
CyHV3_ORF148,254597,P30,8,0.615,sv,4226,INS,1903,3093
CyHV3_ORF84|CyHV3_ORF85,155479,P30,9,1.0,sv,6668,INS,3401,3401
,22620,P50,10,0.622,sv,48,INS,470,756
CyHV3_ORF11|CyHV3_ORF12,29473,P50,10,0.55,sv,24,INS,410,746
CyHV3_ORF33|CyHV3_ORF43,69696,P50,10,0.925,sv,27,INS,519,561
CyHV3_ORF75|CyHV3_ORF77|CyHV3_ORF78,143509,P50,10,0.72,sv,-24,DEL,406,564
CyHV3_ORF84|CyHV3_ORF85,155446,P50,10,0.677,sv,-66,DEL,400,591
CyHV3_ORF122,216443,P50,10,0.937,sv,99,INS,590,630
,228198,P50,10,0.987,sv,74,INS,706,715
CyHV3_ORF135,230496,P50,10,0.929,sv,15,INS,658,708
CyHV3_ORF136,231446,P50,10,0.941,sv,12,INS,653,694
CyHV3_ORF139,240001,P50,10,0.825,sv,-21,DEL,583,707
CyHV3_ORF148,254131,P50,10,1.0,sv,-18,DEL,785,785
CyHV3_ORF149,256462,P50,10,0.938,sv,39,INS,667,711
,265177,P50,10,0.89,sv,12,INS,730,820
CyHV3_ORF156,272012,P50,10,0.591,sv,-24,DEL,505,855
,22620,P50,1,0.92,sv,48,INS,1338,1455
CyHV3_ORF11|CyHV3_ORF12,29473,P50,1,0.661,sv,24,INS,920,1392
CyHV3_ORF19,37879,P50,1,0.349,sv,20,INS,447,1279
CyHV3_ORF25,47131,P50,1,0.37,sv,18,INS,472,1276
CyHV3_ORF27,49268,P50,1,0.623,sv,-75,DEL,784,1259
CyHV3_ORF30,53453,P50,1,0.55,sv,38,INS,680,1236
CyHV3_ORF33|CyHV3_ORF40|CyHV3_ORF41,60281,P50,1,0.882,sv,-25,DEL,1032,1170
CyHV3_ORF33|CyHV3_ORF43,69696,P50,1,0.955,sv,27,INS,1032,1081
CyHV3_ORF101,188695,P50,1,0.427,sv,24,INS,468,1097
CyHV3_ORF101|CyHV3_ORF103,192550,P50,1,0.531,sv,24,INS,558,1051
CyHV3_ORF122,216443,P50,1,0.944,sv,99,INS,1107,1173
,228198,P50,1,1.0,sv,74,INS,1241,1241
CyHV3_ORF135,230496,P50,1,0.724,sv,15,INS,935,1291
CyHV3_ORF136,231446,P50,1,0.969,sv,12,INS,1256,1296
CyHV3_ORF145,249095,P50,1,0.335,sv,10,INS,432,1288
CyHV3_ORF149,256462,P50,1,1.0,sv,39,INS,1501,1501
,22620,P50,2,0.793,sv,48,INS,1316,1659
CyHV3_ORF30,53453,P50,2,0.844,sv,38,INS,1120,1327
CyHV3_ORF33|CyHV3_ORF43,69696,P50,2,0.897,sv,27,INS,1111,1239
CyHV3_ORF33|CyHV3_ORF44|CyHV3_ORF45|CyHV3_ORF46|CyHV3_ORF47|CyHV3_ORF48,83046,P50,2,0.732,sv,39,INS,899,1228
CyHV3_ORF101,188695,P50,2,0.445,sv,24,INS,556,1249
CyHV3_ORF101|CyHV3_ORF103,192550,P50,2,0.54,sv,24,INS,677,1253
CyHV3_ORF122,216443,P50,2,0.936,sv,99,INS,1296,1385
,228198,P50,2,1.0,sv,74,INS,1496,1496
CyHV3_ORF149,256462,P50,2,0.938,sv,39,INS,1502,1601
,265177,P50,2,0.932,sv,12,INS,1615,1733
,22620,P50,3,0.805,sv,48,INS,991,1231
CyHV3_ORF25,47131,P50,3,0.641,sv,18,INS,685,1068
CyHV3_ORF27,49268,P50,3,0.431,sv,-75,DEL,454,1053
CyHV3_ORF30,53453,P50,3,0.587,sv,38,INS,601,1023
CyHV3_ORF33|CyHV3_ORF40|CyHV3_ORF41,60281,P50,3,0.802,sv,-25,DEL,828,1032
CyHV3_ORF33|CyHV3_ORF43,69696,P50,3,0.854,sv,27,INS,835,978
CyHV3_ORF33|CyHV3_ORF44|CyHV3_ORF45,76048,P50,3,0.463,sv,-66,DEL,435,940
CyHV3_ORF33|CyHV3_ORF44|CyHV3_ORF45|CyHV3_ORF46|CyHV3_ORF47|CyHV3_ORF48,83046,P50,3,0.626,sv,39,INS,563,899
CyHV3_ORF49,90594,P50,3,0.458,sv,25,INS,403,880
,95731,P50,3,0.778,sv,-11,DEL,697,896
CyHV3_ORF75|CyHV3_ORF77|CyHV3_ORF78,143509,P50,3,0.626,sv,-96,DEL,591,944
CyHV3_ORF89,165060,P50,3,0.597,sv,18,INS,550,922
CyHV3_ORF101,188695,P50,3,0.537,sv,24,INS,503,936
CyHV3_ORF101|CyHV3_ORF103,192550,P50,3,0.727,sv,24,INS,671,923
CyHV3_ORF122,216443,P50,3,0.944,sv,90,INS,930,985
,228198,P50,3,1.0,sv,74,INS,1053,1053
CyHV3_ORF135,230496,P50,3,0.867,sv,15,INS,909,1049
CyHV3_ORF136,231446,P50,3,0.957,sv,12,INS,978,1022
CyHV3_ORF149,256462,P50,3,0.915,sv,39,INS,1142,1248
,22620,P50,4,1.0,sv,48,INS,3123,3123
CyHV3_ORF122,216443,P50,4,1.0,sv,90,INS,2710,2710
,228198,P50,4,1.0,sv,74,INS,2837,2837
,229939,P50,5,1.0,sv,-17,DEL,401,401
CyHV3_ORF148,254131,P50,5,0.963,sv,-18,DEL,414,430
CyHV3_ORF149,256462,P50,5,0.967,sv,39,INS,412,426
,265177,P50,5,0.928,sv,12,INS,412,444
,22620,P50,6,0.308,sv,48,INS,630,2047
CyHV3_ORF17,32540,P50,6,0.745,sv,24,INS,1403,1882
CyHV3_ORF19,37879,P50,6,0.406,sv,74,INS,695,1711
CyHV3_ORF33|CyHV3_ORF43,69696,P50,6,0.916,sv,27,INS,1397,1525
CyHV3_ORF64,120042,P50,6,0.321,sv,18,INS,480,1494
CyHV3_ORF122,216443,P50,6,0.996,sv,99,INS,1656,1662
,228198,P50,6,1.0,sv,74,INS,1752,1752
CyHV3_ORF149,256462,P50,6,1.0,sv,39,INS,2055,2055
CyHV3_ORF6_1,11375,P50,7,0.737,sv,31,INS,1851,2513
,22620,P50,7,0.745,sv,48,INS,1007,1352
CyHV3_ORF27,49268,P50,7,0.87,sv,-75,DEL,954,1097
CyHV3_ORF33|CyHV3_ORF43,69696,P50,7,0.847,sv,27,INS,849,1002
CyHV3_ORF97,177568,P50,7,0.483,sv,-80,DEL,433,896
CyHV3_ORF122,216443,P50,7,0.959,sv,99,INS,1067,1113
,228198,P50,7,0.989,sv,74,INS,1132,1145
CyHV3_ORF135,230496,P50,7,0.895,sv,15,INS,1053,1177
CyHV3_ORF136,231446,P50,7,0.904,sv,12,INS,1050,1161
CyHV3_ORF149,256462,P50,7,0.926,sv,39,INS,1188,1283
CyHV3_ORF156,272012,P50,7,0.671,sv,-24,DEL,969,1445
,228198,P50,8,1.0,sv,74,INS,412,412
,229939,P50,8,1.0,sv,-17,DEL,408,408
CyHV3_ORF148,254131,P50,8,0.971,sv,-18,DEL,402,414
CyHV3_ORF149,256462,P50,8,0.96,sv,39,INS,408,425
,265177,P50,8,0.934,sv,12,INS,427,457
,22620,P50,9,0.774,sv,48,INS,1155,1492
CyHV3_ORF25,47131,P50,9,0.654,sv,18,INS,823,1259
CyHV3_ORF30,53453,P50,9,0.566,sv,38,INS,704,1244
CyHV3_ORF33|CyHV3_ORF43,69696,P50,9,0.826,sv,27,INS,918,1112
CyHV3_ORF33|CyHV3_ORF44|CyHV3_ORF45|CyHV3_ORF46|CyHV3_ORF47|CyHV3_ORF48,83046,P50,9,0.609,sv,39,INS,665,1092
CyHV3_ORF49,90594,P50,9,0.449,sv,25,INS,504,1122
CyHV3_ORF75|CyHV3_ORF77|CyHV3_ORF78,143509,P50,9,0.562,sv,-96,DEL,646,1149
CyHV3_ORF89,165060,P50,9,0.562,sv,18,INS,634,1129
CyHV3_ORF97,177570,P50,9,0.491,sv,-80,DEL,538,1096
CyHV3_ORF101,188695,P50,9,0.5,sv,24,INS,551,1101
CyHV3_ORF101|CyHV3_ORF103,192550,P50,9,0.724,sv,24,INS,802,1107
CyHV3_ORF122,216443,P50,9,0.955,sv,90,INS,1175,1230
,228198,P50,9,1.0,sv,74,INS,1297,1297
CyHV3_ORF135,230496,P50,9,0.868,sv,15,INS,1149,1323
CyHV3_ORF136,231446,P50,9,0.938,sv,12,INS,1271,1355
CyHV3_ORF149,256462,P50,9,0.927,sv,39,INS,1290,1392
,265177,P50,9,0.905,sv,12,INS,1377,1521
CyHV3_ORF156,272012,P50,9,0.84,sv,-24,DEL,1330,1583
CyHV3_ORF6_1,11375,P65,1,0.541,sv,29,INS,471,870
CyHV3_ORF6_1,11384,P65,1,0.662,sv,-33,DEL,592,894
,14453,P65,1,0.781,sv,25,INS,612,784
CyHV3_ORF7_1|CyHV3_ORF8_1,16096,P65,1,0.539,sv,-18,DEL,670,1244
CyHV3_ORF7_1|CyHV3_ORF8_1,16096,P65,1,0.467,sv,-20,DEL,581,1244
,22620,P65,1,0.927,sv,48,INS,728,785
CyHV3_ORF11|CyHV3_ORF12,29473,P65,1,0.875,sv,24,INS,724,827
CyHV3_ORF17,32540,P65,1,0.99,sv,-17,DEL,898,907
CyHV3_ORF19,37879,P65,1,0.548,sv,24,INS,453,826
CyHV3_ORF25,47131,P65,1,0.694,sv,18,INS,646,931
CyHV3_ORF27,49268,P65,1,0.569,sv,-75,DEL,505,888
CyHV3_ORF30,53453,P65,1,0.789,sv,38,INS,725,919
CyHV3_ORF33|CyHV3_ORF40|CyHV3_ORF41,59928,P65,1,0.815,sv,10,INS,636,780
CyHV3_ORF33|CyHV3_ORF40|CyHV3_ORF41,60281,P65,1,1.0,sv,-25,DEL,865,865
CyHV3_ORF33|CyHV3_ORF43,69696,P65,1,1.0,sv,27,INS,1012,1012
CyHV3_ORF33|CyHV3_ORF44|CyHV3_ORF45|CyHV3_ORF46|CyHV3_ORF47|CyHV3_ORF48,83046,P65,1,0.592,sv,39,INS,490,828
,95731,P65,1,1.0,sv,-11,DEL,938,938
CyHV3_ORF68|CyHV3_ORF69,131013,P65,1,0.892,sv,-33,DEL,802,899
CyHV3_ORF69,133271,P65,1,0.817,sv,-12,DEL,717,878
CyHV3_ORF84|CyHV3_ORF85,155446,P65,1,0.855,sv,-33,DEL,802,938
CyHV3_ORF97,177568,P65,1,0.596,sv,-74,DEL,495,830
CyHV3_ORF99,186552,P65,1,0.497,sv,-11,DEL,451,908
CyHV3_ORF101,188010,P65,1,0.534,sv,-24,DEL,502,940
CyHV3_ORF101,188695,P65,1,0.395,sv,24,INS,402,1017
CyHV3_ORF101|CyHV3_ORF103,192550,P65,1,0.803,sv,24,INS,715,890
CyHV3_ORF116|CyHV3_ORF117,210810,P65,1,0.783,sv,-27,DEL,625,798
CyHV3_ORF122,216443,P65,1,1.0,sv,99,INS,837,837
,228198,P65,1,1.0,sv,74,INS,839,839
,229939,P65,1,1.0,sv,-17,DEL,835,835
CyHV3_ORF135,230496,P65,1,0.791,sv,15,INS,621,785
CyHV3_ORF136,231446,P65,1,1.0,sv,12,INS,922,922
CyHV3_ORF139,240001,P65,1,1.0,sv,-21,DEL,911,911
CyHV3_ORF148,254131,P65,1,1.0,sv,-18,DEL,1075,1075
CyHV3_ORF149,256462,P65,1,1.0,sv,39,INS,910,910
,265177,P65,1,1.0,sv,12,INS,584,584
CyHV3_ORF156,270829,P65,1,0.637,sv,19,INS,422,663
CyHV3_ORF156,272012,P65,1,0.994,sv,-24,DEL,618,622
CyHV3_ORF1_1,1210,P65,2,0.198,sv,12,INS,555,2799
CyHV3_ORF6_1,11375,P65,2,0.896,sv,31,INS,2984,3332
,14453,P65,2,0.268,sv,25,INS,849,3164
CyHV3_ORF7_1|CyHV3_ORF8_1,16096,P65,2,0.319,sv,-50,DEL,1166,3656
,22620,P65,2,0.822,sv,48,INS,1874,2279
CyHV3_ORF11|CyHV3_ORF12,29473,P65,2,0.89,sv,24,INS,2195,2465
CyHV3_ORF19,37879,P65,2,0.43,sv,26,INS,957,2227
CyHV3_ORF25,47057,P65,2,0.403,sv,-1871,DEL,904,2244
CyHV3_ORF25,47131,P65,2,0.504,sv,18,INS,1125,2232
CyHV3_ORF30,53453,P65,2,0.933,sv,38,INS,2222,2381
CyHV3_ORF33|CyHV3_ORF40|CyHV3_ORF41,59928,P65,2,0.929,sv,10,INS,2089,2248
CyHV3_ORF33|CyHV3_ORF43,69696,P65,2,0.976,sv,27,INS,2193,2248
CyHV3_ORF33|CyHV3_ORF44|CyHV3_ORF45|CyHV3_ORF46|CyHV3_ORF47|CyHV3_ORF48,83046,P65,2,0.887,sv,39,INS,1841,2076
CyHV3_ORF64,120042,P65,2,0.271,sv,18,INS,550,2029
CyHV3_ORF68|CyHV3_ORF69,131013,P65,2,0.695,sv,-33,DEL,1533,2207
CyHV3_ORF69,133271,P65,2,1.0,sv,-12,DEL,2135,2135
CyHV3_ORF75|CyHV3_ORF77|CyHV3_ORF78,143509,P65,2,0.453,sv,-96,DEL,973,2146
CyHV3_ORF89,165060,P65,2,0.742,sv,18,INS,1531,2063
CyHV3_ORF97,177568,P65,2,0.655,sv,-72,DEL,1351,2064
CyHV3_ORF97,177568,P65,2,0.321,sv,-80,DEL,662,2064
CyHV3_ORF101,188695,P65,2,0.382,sv,24,INS,855,2239
CyHV3_ORF101|CyHV3_ORF103,192550,P65,2,0.549,sv,24,INS,1164,2122
CyHV3_ORF118|CyHV3_ORF119|CyHV3_ORF120|CyHV3_ORF121,214607,P65,2,0.335,sv,60,INS,743,2218
CyHV3_ORF122,216443,P65,2,1.0,sv,99,INS,2285,2285
,228198,P65,2,1.0,sv,74,INS,2421,2421
CyHV3_ORF135,230496,P65,2,1.0,sv,15,INS,2366,2366
CyHV3_ORF136,231446,P65,2,1.0,sv,12,INS,2301,2301
CyHV3_ORF145,249095,P65,2,0.2,sv,10,INS,457,2280
CyHV3_ORF148,254131,P65,2,1.0,sv,-18,DEL,2551,2551
CyHV3_ORF149,256462,P65,2,0.93,sv,39,INS,2266,2436
,265177,P65,2,0.916,sv,12,INS,1861,2031
,270719,P65,2,0.213,sv,34,INS,458,2152
CyHV3_ORF156,270829,P65,2,0.55,sv,19,INS,1221,2220
CyHV3_ORF156,271616,P65,2,0.784,sv,12,INS,1752,2236
CyHV3_ORF156,272012,P65,2,0.949,sv,-24,DEL,2052,2163
CyHV3_ORF6_1,11375,P65,3,0.972,sv,31,INS,2793,2873
,22620,P65,3,0.781,sv,56,INS,1458,1868
CyHV3_ORF11|CyHV3_ORF12,29473,P65,3,0.907,sv,24,INS,1839,2028
CyHV3_ORF17,32540,P65,3,0.951,sv,-17,DEL,1945,2045
CyHV3_ORF19,37879,P65,3,0.353,sv,14,INS,662,1876
CyHV3_ORF19,37879,P65,3,0.24,sv,20,INS,450,1876
CyHV3_ORF25,47131,P65,3,0.558,sv,18,INS,1048,1878
CyHV3_ORF27,49268,P65,3,0.876,sv,-75,DEL,1678,1916
CyHV3_ORF30,53453,P65,3,0.341,sv,38,INS,658,1927
CyHV3_ORF33|CyHV3_ORF40|CyHV3_ORF41,59928,P65,3,0.441,sv,10,INS,781,1771
CyHV3_ORF33|CyHV3_ORF40|CyHV3_ORF41,60281,P65,3,0.926,sv,-25,DEL,1653,1785
CyHV3_ORF33|CyHV3_ORF43,69696,P65,3,0.984,sv,27,INS,1684,1712
CyHV3_ORF33|CyHV3_ORF44|CyHV3_ORF45|CyHV3_ORF46|CyHV3_ORF47|CyHV3_ORF48,83046,P65,3,0.662,sv,39,INS,1093,1652
CyHV3_ORF49,90594,P65,3,0.602,sv,25,INS,950,1578
,95731,P65,3,1.0,sv,-11,DEL,1795,1795
CyHV3_ORF68|CyHV3_ORF69,131013,P65,3,0.609,sv,-33,DEL,1019,1673
CyHV3_ORF69,133271,P65,3,0.913,sv,-12,DEL,1505,1648
CyHV3_ORF75|CyHV3_ORF77|CyHV3_ORF78,143509,P65,3,0.356,sv,-96,DEL,581,1634
CyHV3_ORF84|CyHV3_ORF85,155446,P65,3,0.498,sv,-66,DEL,866,1738
CyHV3_ORF89,165060,P65,3,0.551,sv,18,INS,927,1681
CyHV3_ORF97,177568,P65,3,0.644,sv,-70,DEL,1040,1615
CyHV3_ORF97,177568,P65,3,0.279,sv,-80,DEL,450,1615
CyHV3_ORF99,186552,P65,3,0.445,sv,-11,DEL,718,1614
CyHV3_ORF101,188010,P65,3,0.375,sv,-24,DEL,607,1618
CyHV3_ORF101,188695,P65,3,0.328,sv,24,INS,540,1647
CyHV3_ORF101|CyHV3_ORF103,192550,P65,3,0.97,sv,24,INS,1560,1608
CyHV3_ORF110,203513,P65,3,0.421,sv,-22,DEL,664,1577
CyHV3_ORF116|CyHV3_ORF117,210810,P65,3,0.631,sv,-18,DEL,998,1581
CyHV3_ORF116|CyHV3_ORF117,210810,P65,3,0.509,sv,-27,DEL,805,1581
CyHV3_ORF122,216443,P65,3,1.0,sv,99,INS,1674,1674
,228198,P65,3,1.0,sv,74,INS,1762,1762
,229939,P65,3,1.0,sv,-17,DEL,1753,1753
CyHV3_ORF135,230496,P65,3,0.919,sv,15,INS,1637,1781
CyHV3_ORF136,231446,P65,3,1.0,sv,12,INS,1842,1842
CyHV3_ORF139,240001,P65,3,0.94,sv,-21,DEL,1701,1809
CyHV3_ORF148,254131,P65,3,1.0,sv,-18,DEL,2096,2096
CyHV3_ORF149,256462,P65,3,0.922,sv,39,INS,1761,1910
,265177,P65,3,0.927,sv,12,INS,1521,1640
CyHV3_ORF156,271616,P65,3,0.801,sv,12,INS,1374,1715
CyHV3_ORF156,272012,P65,3,0.889,sv,-24,DEL,1505,1692
CyHV3_ORF6_1,11375,P65,7,0.715,sv,31,INS,508,710
CyHV3_ORF5_1,9457,P90,10,0.594,sv,-17,DEL,899,1513
CyHV3_ORF6_1,11384,P90,10,0.929,sv,-33,DEL,1175,1265
,14453,P90,10,0.99,sv,25,INS,1113,1124
CyHV3_ORF7_1|CyHV3_ORF8_1,16096,P90,10,0.616,sv,-12,DEL,900,1462
,21083,P90,10,0.383,sv,-10,DEL,449,1171
,22620,P90,10,1.0,sv,56,INS,891,891
CyHV3_ORF17,32540,P90,10,1.0,sv,-17,DEL,1086,1086
CyHV3_ORF19,37879,P90,10,0.709,sv,28,INS,598,843
CyHV3_ORF25,47131,P90,10,0.913,sv,18,INS,855,936
CyHV3_ORF25,47139,P90,10,0.438,sv,-2057,DEL,410,936
CyHV3_ORF27,49268,P90,10,0.811,sv,-75,DEL,787,971
CyHV3_ORF33|CyHV3_ORF40|CyHV3_ORF41,59928,P90,10,1.0,sv,10,INS,924,924
CyHV3_ORF33|CyHV3_ORF40|CyHV3_ORF41,60281,P90,10,1.0,sv,-25,DEL,1043,1043
CyHV3_ORF33|CyHV3_ORF43,69696,P90,10,1.0,sv,27,INS,975,975
CyHV3_ORF33|CyHV3_ORF44|CyHV3_ORF45|CyHV3_ORF46|CyHV3_ORF47|CyHV3_ORF48,83076,P90,10,0.749,sv,48,INS,693,925
,95731,P90,10,1.0,sv,-11,DEL,913,913
CyHV3_ORF68|CyHV3_ORF69,131013,P90,10,1.0,sv,-33,DEL,1004,1004
CyHV3_ORF69,133271,P90,10,0.84,sv,-12,DEL,776,924
CyHV3_ORF75|CyHV3_ORF77|CyHV3_ORF78,143509,P90,10,0.891,sv,-24,DEL,824,925
CyHV3_ORF84|CyHV3_ORF85,155446,P90,10,1.0,sv,-33,DEL,938,938
CyHV3_ORF97,177568,P90,10,0.74,sv,-72,DEL,632,854
CyHV3_ORF97,178820,P90,10,0.7,sv,-12,DEL,652,931
CyHV3_ORF99,186552,P90,10,1.0,sv,-11,DEL,931,931
CyHV3_ORF101,188010,P90,10,1.0,sv,-24,DEL,927,927
CyHV3_ORF101|CyHV3_ORF103,192550,P90,10,0.956,sv,24,INS,852,891
CyHV3_ORF116|CyHV3_ORF117,210810,P90,10,1.0,sv,-27,DEL,917,917
CyHV3_ORF122,216443,P90,10,1.0,sv,126,INS,1001,1001
,228198,P90,10,1.0,sv,74,INS,967,967
,229939,P90,10,1.0,sv,-17,DEL,918,918
CyHV3_ORF135,230496,P90,10,0.742,sv,15,INS,645,869
CyHV3_ORF136,231446,P90,10,1.0,sv,12,INS,933,933
CyHV3_ORF139,240001,P90,10,0.983,sv,-21,DEL,922,938
CyHV3_ORF148,254131,P90,10,1.0,sv,-18,DEL,1101,1101
CyHV3_ORF149,256462,P90,10,0.945,sv,39,INS,943,998
,265177,P90,10,1.0,sv,12,INS,844,844
CyHV3_ORF156,270829,P90,10,0.766,sv,19,INS,673,879
CyHV3_ORF156,272012,P90,10,1.0,sv,-24,DEL,886,886
CyHV3_ORF6_1,11375,P90,1,0.269,sv,29,INS,1983,7377
,14453,P90,1,0.918,sv,25,INS,6002,6539
CyHV3_ORF7_1|CyHV3_ORF8_1,16096,P90,1,0.149,sv,-42,DEL,1134,7598
,22620,P90,1,0.965,sv,56,INS,4078,4227
,22620,P90,1,0.107,sv,64,INS,451,4227
CyHV3_ORF11|CyHV3_ORF12,29473,P90,1,0.439,sv,24,INS,1980,4506
CyHV3_ORF19,37879,P90,1,0.671,sv,26,INS,2800,4172
CyHV3_ORF19,37879,P90,1,0.1,sv,106,INS,416,4172
CyHV3_ORF25,47131,P90,1,0.959,sv,18,INS,3841,4005
CyHV3_ORF25,47139,P90,1,0.489,sv,-2057,DEL,1968,4028
CyHV3_ORF27,49268,P90,1,0.734,sv,-75,DEL,3022,4119
CyHV3_ORF30,53453,P90,1,0.312,sv,38,INS,1307,4194
CyHV3_ORF33|CyHV3_ORF43,69696,P90,1,1.0,sv,27,INS,4245,4245
CyHV3_ORF33|CyHV3_ORF44|CyHV3_ORF45|CyHV3_ORF46|CyHV3_ORF47|CyHV3_ORF48,83046,P90,1,0.234,sv,39,INS,964,4124
CyHV3_ORF33|CyHV3_ORF44|CyHV3_ORF45|CyHV3_ORF46|CyHV3_ORF47|CyHV3_ORF48,83046,P90,1,0.098,sv,84,INS,405,4124
CyHV3_ORF33|CyHV3_ORF44|CyHV3_ORF45|CyHV3_ORF46|CyHV3_ORF47|CyHV3_ORF48,83076,P90,1,0.694,sv,48,INS,2862,4124
CyHV3_ORF64,120042,P90,1,0.274,sv,18,INS,1125,4104
CyHV3_ORF97,177568,P90,1,0.813,sv,-72,DEL,3200,3938
CyHV3_ORF97,177568,P90,1,0.327,sv,-80,DEL,1288,3938
CyHV3_ORF101|CyHV3_ORF103,192550,P90,1,0.923,sv,24,INS,3838,4160
CyHV3_ORF122,216443,P90,1,1.0,sv,126,INS,4397,4397
,228198,P90,1,1.0,sv,74,INS,4479,4479
CyHV3_ORF135,230496,P90,1,0.681,sv,15,INS,2908,4271
CyHV3_ORF136,231446,P90,1,1.0,sv,12,INS,4707,4707
CyHV3_ORF145,249095,P90,1,0.23,sv,10,INS,947,4122
CyHV3_ORF149,256462,P90,1,0.952,sv,39,INS,4084,4290
CyHV3_ORF149,256462,P90,1,0.131,sv,40,INS,560,4290
,265177,P90,1,1.0,sv,12,INS,4028,4028
CyHV3_ORF156,270829,P90,1,0.718,sv,19,INS,3158,4400
CyHV3_ORF156,270829,P90,1,0.101,sv,21,INS,444,4400
,14453,P90,2,1.0,sv,25,INS,8880,8880
,22620,P90,2,0.984,sv,56,INS,4924,5004
,22620,P90,2,0.094,sv,64,INS,471,5004
CyHV3_ORF11|CyHV3_ORF12,29473,P90,2,0.387,sv,24,INS,2040,5271
CyHV3_ORF19,37879,P90,2,0.7,sv,28,INS,3338,4770
CyHV3_ORF19,37879,P90,2,0.095,sv,108,INS,454,4770
CyHV3_ORF25,47131,P90,2,0.96,sv,18,INS,4590,4779
CyHV3_ORF30,53453,P90,2,0.279,sv,38,INS,1445,5178
CyHV3_ORF33|CyHV3_ORF43,69696,P90,2,1.0,sv,27,INS,5057,5057
CyHV3_ORF33|CyHV3_ORF44|CyHV3_ORF45|CyHV3_ORF46|CyHV3_ORF47|CyHV3_ORF48,83046,P90,2,0.207,sv,39,INS,1016,4902
CyHV3_ORF33|CyHV3_ORF44|CyHV3_ORF45|CyHV3_ORF46|CyHV3_ORF47|CyHV3_ORF48,83046,P90,2,0.097,sv,84,INS,475,4902
CyHV3_ORF33|CyHV3_ORF44|CyHV3_ORF45|CyHV3_ORF46|CyHV3_ORF47|CyHV3_ORF48,83076,P90,2,0.747,sv,48,INS,3662,4902
CyHV3_ORF64,120042,P90,2,0.278,sv,18,INS,1330,4789
CyHV3_ORF101|CyHV3_ORF103,192550,P90,2,0.959,sv,24,INS,4739,4940
CyHV3_ORF122,216443,P90,2,1.0,sv,126,INS,5228,5228
,228198,P90,2,1.0,sv,74,INS,5139,5139
CyHV3_ORF135,230496,P90,2,0.748,sv,15,INS,3644,4870
CyHV3_ORF136,231446,P90,2,1.0,sv,12,INS,5393,5393
CyHV3_ORF145,249095,P90,2,0.215,sv,10,INS,1025,4758
CyHV3_ORF149,256462,P90,2,0.944,sv,39,INS,4689,4968
CyHV3_ORF149,256462,P90,2,0.142,sv,40,INS,703,4968
,265177,P90,2,1.0,sv,12,INS,4912,4912
CyHV3_ORF156,270829,P90,2,0.8,sv,19,INS,4034,5040
CyHV3_ORF156,270829,P90,2,0.1,sv,21,INS,506,5040
CyHV3_ORF6_1,11375,P90,3,0.326,sv,29,INS,1763,5408
,14453,P90,3,0.852,sv,25,INS,4297,5046
CyHV3_ORF7_1|CyHV3_ORF8_1,16096,P90,3,0.158,sv,-42,DEL,860,5449
,22620,P90,3,0.926,sv,56,INS,2670,2884
CyHV3_ORF11|CyHV3_ORF12,29473,P90,3,0.482,sv,24,INS,1425,2955
CyHV3_ORF19,37879,P90,3,0.621,sv,28,INS,1723,2776
CyHV3_ORF25,47057,P90,3,0.422,sv,-1871,DEL,1123,2660
CyHV3_ORF25,47131,P90,3,0.667,sv,18,INS,1779,2667
CyHV3_ORF27,49268,P90,3,0.954,sv,-75,DEL,2614,2740
CyHV3_ORF30,53453,P90,3,0.285,sv,38,INS,792,2780
CyHV3_ORF33|CyHV3_ORF43,69696,P90,3,1.0,sv,27,INS,2611,2611
CyHV3_ORF33|CyHV3_ORF44|CyHV3_ORF45|CyHV3_ORF46|CyHV3_ORF47|CyHV3_ORF48,83046,P90,3,0.301,sv,39,INS,733,2439
CyHV3_ORF33|CyHV3_ORF44|CyHV3_ORF45|CyHV3_ORF46|CyHV3_ORF47|CyHV3_ORF48,83076,P90,3,0.645,sv,48,INS,1573,2439
,95731,P90,3,1.0,sv,-11,DEL,3252,3252
CyHV3_ORF64,120042,P90,3,0.215,sv,18,INS,533,2480
CyHV3_ORF68|CyHV3_ORF69,131013,P90,3,0.935,sv,-33,DEL,2371,2536
CyHV3_ORF97,177568,P90,3,0.729,sv,-72,DEL,1820,2495
CyHV3_ORF97,177568,P90,3,0.251,sv,-80,DEL,625,2495
CyHV3_ORF97,178820,P90,3,0.689,sv,-12,DEL,1742,2530
CyHV3_ORF99,186552,P90,3,1.0,sv,-11,DEL,2661,2661
CyHV3_ORF101,188010,P90,3,0.877,sv,-24,DEL,2241,2556
CyHV3_ORF101|CyHV3_ORF103,192550,P90,3,0.92,sv,24,INS,2421,2632
CyHV3_ORF116|CyHV3_ORF117,210810,P90,3,1.0,sv,-27,DEL,2806,2806
CyHV3_ORF122,216443,P90,3,1.0,sv,126,INS,2683,2683
,228198,P90,3,1.0,sv,74,INS,2851,2851
,229939,P90,3,1.0,sv,-17,DEL,2893,2893
CyHV3_ORF135,230496,P90,3,0.714,sv,15,INS,1957,2741
CyHV3_ORF136,231446,P90,3,1.0,sv,12,INS,2924,2924
CyHV3_ORF139,240001,P90,3,0.996,sv,-21,DEL,2898,2911
CyHV3_ORF145,249095,P90,3,0.182,sv,10,INS,494,2718
CyHV3_ORF149,256462,P90,3,0.958,sv,39,INS,2705,2824
,265177,P90,3,1.0,sv,12,INS,2784,2784
CyHV3_ORF156,270829,P90,3,0.659,sv,19,INS,1938,2941
CyHV3_ORF156,272012,P90,3,1.0,sv,-24,DEL,3058,3058
,14453,P90,4,1.0,sv,25,INS,9989,9989
,22620,P90,4,0.973,sv,56,INS,5171,5316
,22620,P90,4,0.115,sv,64,INS,613,5316
CyHV3_ORF11|CyHV3_ORF12,29473,P90,4,0.419,sv,24,INS,2291,5462
CyHV3_ORF19,37879,P90,4,0.681,sv,28,INS,3187,4683
CyHV3_ORF19,37879,P90,4,0.094,sv,80,INS,439,4683
CyHV3_ORF25,47131,P90,4,0.808,sv,18,INS,3780,4679
CyHV3_ORF25,47139,P90,4,0.491,sv,-2057,DEL,2305,4693
CyHV3_ORF30,53453,P90,4,0.311,sv,38,INS,1582,5094
CyHV3_ORF33|CyHV3_ORF43,69696,P90,4,1.0,sv,27,INS,4922,4922
CyHV3_ORF33|CyHV3_ORF44|CyHV3_ORF45|CyHV3_ORF46|CyHV3_ORF47|CyHV3_ORF48,83046,P90,4,0.227,sv,39,INS,1085,4773
CyHV3_ORF33|CyHV3_ORF44|CyHV3_ORF45|CyHV3_ORF46|CyHV3_ORF47|CyHV3_ORF48,83046,P90,4,0.109,sv,84,INS,522,4773
CyHV3_ORF33|CyHV3_ORF44|CyHV3_ORF45|CyHV3_ORF46|CyHV3_ORF47|CyHV3_ORF48,83076,P90,4,0.707,sv,48,INS,3374,4773
CyHV3_ORF64,120042,P90,4,0.281,sv,18,INS,1314,4677
CyHV3_ORF101|CyHV3_ORF103,192550,P90,4,0.932,sv,24,INS,4359,4679
CyHV3_ORF122,216443,P90,4,1.0,sv,126,INS,5172,5172
,228198,P90,4,1.0,sv,74,INS,5401,5401
CyHV3_ORF135,230496,P90,4,0.696,sv,15,INS,3586,5153
CyHV3_ORF136,231446,P90,4,1.0,sv,12,INS,5652,5652
CyHV3_ORF145,249095,P90,4,0.254,sv,10,INS,1233,4855
CyHV3_ORF149,256462,P90,4,0.963,sv,39,INS,4872,5061
CyHV3_ORF149,256462,P90,4,0.12,sv,40,INS,606,5061
,265177,P90,4,1.0,sv,12,INS,5001,5001
CyHV3_ORF156,270829,P90,4,0.724,sv,19,INS,3650,5042
CyHV3_ORF156,270829,P90,4,0.098,sv,22,INS,494,5042
,14453,P90,5,1.0,sv,25,INS,6698,6698
,22620,P90,5,0.974,sv,56,INS,3882,3987
CyHV3_ORF11|CyHV3_ORF12,29473,P90,5,0.358,sv,24,INS,1470,4110
CyHV3_ORF19,37879,P90,5,0.727,sv,28,INS,2744,3777
CyHV3_ORF25,47131,P90,5,0.828,sv,18,INS,3062,3698
CyHV3_ORF25,47325,P90,5,0.425,sv,-1871,DEL,1580,3719
CyHV3_ORF30,53453,P90,5,0.265,sv,38,INS,1052,3967
CyHV3_ORF33|CyHV3_ORF40|CyHV3_ORF41,59928,P90,5,1.0,sv,10,INS,3688,3688
CyHV3_ORF33|CyHV3_ORF43,69696,P90,5,1.0,sv,27,INS,3811,3811
CyHV3_ORF33|CyHV3_ORF44|CyHV3_ORF45|CyHV3_ORF46|CyHV3_ORF47|CyHV3_ORF48,83046,P90,5,0.196,sv,39,INS,723,3687
CyHV3_ORF33|CyHV3_ORF44|CyHV3_ORF45|CyHV3_ORF46|CyHV3_ORF47|CyHV3_ORF48,83076,P90,5,0.746,sv,48,INS,2750,3687
CyHV3_ORF64,120042,P90,5,0.269,sv,18,INS,998,3716
CyHV3_ORF97,177568,P90,5,0.326,sv,-80,DEL,1211,3715
CyHV3_ORF101|CyHV3_ORF103,192550,P90,5,0.954,sv,24,INS,3578,3752
CyHV3_ORF122,216443,P90,5,1.0,sv,126,INS,4064,4064
,228198,P90,5,1.0,sv,74,INS,4137,4137
,229939,P90,5,1.0,sv,-17,DEL,4725,4725
CyHV3_ORF135,230496,P90,5,0.723,sv,15,INS,2915,4031
CyHV3_ORF136,231446,P90,5,1.0,sv,12,INS,4374,4374
CyHV3_ORF139,240001,P90,5,0.982,sv,-21,DEL,4030,4102
CyHV3_ORF145,249095,P90,5,0.206,sv,10,INS,798,3876
CyHV3_ORF149,256462,P90,5,0.938,sv,39,INS,3726,3974
CyHV3_ORF149,256462,P90,5,0.135,sv,40,INS,536,3974
,265177,P90,5,1.0,sv,12,INS,3818,3818
CyHV3_ORF156,270829,P90,5,0.734,sv,19,INS,2996,4079
CyHV3_ORF156,270829,P90,5,0.098,sv,21,INS,400,4079
CyHV3_ORF156,272012,P90,5,1.0,sv,-24,DEL,4257,4257
,272444,P90,5,1.0,sv,235,INS,562,562
CyHV3_ORF6_1,11375,P90,6,0.181,sv,29,INS,604,3329
CyHV3_ORF6_1,11384,P90,6,1.0,sv,-33,DEL,3673,3673
,14453,P90,6,0.999,sv,25,INS,2876,2880
CyHV3_ORF7_1|CyHV3_ORF8_1,16096,P90,6,0.154,sv,-42,DEL,517,3353
,22620,P90,6,0.997,sv,56,INS,1837,1842
CyHV3_ORF11|CyHV3_ORF12,29473,P90,6,0.342,sv,24,INS,628,1835
CyHV3_ORF17,32540,P90,6,1.0,sv,-17,DEL,1990,1990
CyHV3_ORF19,37879,P90,6,0.726,sv,28,INS,1252,1725
CyHV3_ORF25,47131,P90,6,0.87,sv,18,INS,1521,1749
CyHV3_ORF25,47139,P90,6,0.481,sv,-2057,DEL,834,1734
CyHV3_ORF27,49268,P90,6,0.866,sv,-75,DEL,1531,1768
CyHV3_ORF33|CyHV3_ORF40|CyHV3_ORF41,59928,P90,6,1.0,sv,10,INS,1744,1744
CyHV3_ORF33|CyHV3_ORF40|CyHV3_ORF41,60281,P90,6,1.0,sv,-25,DEL,1963,1963
CyHV3_ORF33|CyHV3_ORF43,69696,P90,6,1.0,sv,27,INS,1821,1821
CyHV3_ORF33|CyHV3_ORF44|CyHV3_ORF45|CyHV3_ORF46|CyHV3_ORF47|CyHV3_ORF48,83076,P90,6,0.773,sv,48,INS,1336,1728
,95731,P90,6,1.0,sv,-11,DEL,1976,1976
CyHV3_ORF64,120042,P90,6,0.298,sv,18,INS,545,1829
CyHV3_ORF68|CyHV3_ORF69,131013,P90,6,0.954,sv,-33,DEL,1751,1835
CyHV3_ORF69,133271,P90,6,0.857,sv,-12,DEL,1529,1785
CyHV3_ORF75|CyHV3_ORF77|CyHV3_ORF78,143509,P90,6,0.905,sv,-24,DEL,1638,1810
CyHV3_ORF84|CyHV3_ORF85,155446,P90,6,0.995,sv,-33,DEL,1768,1777
CyHV3_ORF97,177568,P90,6,0.759,sv,-72,DEL,1260,1660
CyHV3_ORF97,177568,P90,6,0.268,sv,-80,DEL,445,1660
CyHV3_ORF97,178820,P90,6,0.827,sv,-12,DEL,1491,1803
CyHV3_ORF99,186552,P90,6,1.0,sv,-11,DEL,1694,1694
CyHV3_ORF101,188010,P90,6,1.0,sv,-24,DEL,1710,1710
CyHV3_ORF101|CyHV3_ORF103,192550,P90,6,0.941,sv,24,INS,1629,1732
CyHV3_ORF116|CyHV3_ORF117,210810,P90,6,1.0,sv,-27,DEL,1824,1824
CyHV3_ORF122,216443,P90,6,1.0,sv,126,INS,1833,1833
,228198,P90,6,1.0,sv,74,INS,1931,1931
,229939,P90,6,1.0,sv,-17,DEL,1980,1980
CyHV3_ORF135,230496,P90,6,0.791,sv,15,INS,1428,1806
CyHV3_ORF136,231446,P90,6,1.0,sv,12,INS,2026,2026
CyHV3_ORF139,240001,P90,6,0.999,sv,-21,DEL,1916,1917
CyHV3_ORF148,254131,P90,6,1.0,sv,-18,DEL,2142,2142
CyHV3_ORF149,256462,P90,6,0.969,sv,39,INS,1730,1786
,265177,P90,6,1.0,sv,12,INS,1755,1755
CyHV3_ORF156,270829,P90,6,0.752,sv,19,INS,1297,1724
CyHV3_ORF156,272012,P90,6,1.0,sv,-24,DEL,1741,1741
CyHV3_ORF6_1,11375,P90,7,0.275,sv,29,INS,1077,3923
CyHV3_ORF6_1,11384,P90,7,0.9,sv,-33,DEL,3541,3935
,14453,P90,7,0.849,sv,25,INS,3145,3705
CyHV3_ORF7_1|CyHV3_ORF8_1,16096,P90,7,0.161,sv,-42,DEL,626,3879
,22620,P90,7,0.938,sv,56,INS,2113,2253
CyHV3_ORF11|CyHV3_ORF12,29473,P90,7,0.385,sv,24,INS,875,2270
CyHV3_ORF17,32540,P90,7,1.0,sv,-17,DEL,2374,2374
CyHV3_ORF19,37879,P90,7,0.613,sv,28,INS,1287,2098
CyHV3_ORF25,47131,P90,7,0.697,sv,18,INS,1394,2000
CyHV3_ORF25,47346,P90,7,0.49,sv,-1850,DEL,979,1999
CyHV3_ORF27,49268,P90,7,0.858,sv,-75,DEL,1737,2025
CyHV3_ORF30,53453,P90,7,0.242,sv,38,INS,491,2029
CyHV3_ORF33|CyHV3_ORF40|CyHV3_ORF41,60281,P90,7,1.0,sv,-25,DEL,1971,1971
CyHV3_ORF33|CyHV3_ORF43,69696,P90,7,1.0,sv,27,INS,1880,1880
CyHV3_ORF33|CyHV3_ORF44|CyHV3_ORF45|CyHV3_ORF46|CyHV3_ORF47|CyHV3_ORF48,83046,P90,7,0.236,sv,39,INS,435,1840
CyHV3_ORF33|CyHV3_ORF44|CyHV3_ORF45|CyHV3_ORF46|CyHV3_ORF47|CyHV3_ORF48,83076,P90,7,0.646,sv,48,INS,1189,1840
,95731,P90,7,1.0,sv,-11,DEL,2044,2044
CyHV3_ORF64,120042,P90,7,0.274,sv,18,INS,494,1802
CyHV3_ORF68|CyHV3_ORF69,131013,P90,7,0.86,sv,-33,DEL,1599,1859
CyHV3_ORF69,133271,P90,7,0.783,sv,-12,DEL,1404,1793
CyHV3_ORF75|CyHV3_ORF77|CyHV3_ORF78,143509,P90,7,0.852,sv,-24,DEL,1515,1779
CyHV3_ORF84|CyHV3_ORF85,155446,P90,7,0.932,sv,-33,DEL,1678,1800
CyHV3_ORF97,177568,P90,7,0.685,sv,-72,DEL,1272,1856
CyHV3_ORF97,177570,P90,7,0.279,sv,-80,DEL,517,1856
CyHV3_ORF97,178820,P90,7,0.689,sv,-12,DEL,1297,1882
CyHV3_ORF99,186552,P90,7,0.935,sv,-11,DEL,1707,1826
CyHV3_ORF101,188010,P90,7,0.892,sv,-24,DEL,1643,1842
CyHV3_ORF101|CyHV3_ORF103,192550,P90,7,0.861,sv,24,INS,1541,1790
CyHV3_ORF116|CyHV3_ORF117,210810,P90,7,0.986,sv,-27,DEL,1710,1735
CyHV3_ORF122,216443,P90,7,1.0,sv,126,INS,1863,1863
,228198,P90,7,1.0,sv,74,INS,2030,2030
,229939,P90,7,1.0,sv,-17,DEL,2009,2009
CyHV3_ORF135,230496,P90,7,0.662,sv,15,INS,1311,1979
CyHV3_ORF136,231446,P90,7,1.0,sv,12,INS,2063,2063
CyHV3_ORF139,240001,P90,7,0.936,sv,-21,DEL,1897,2026
CyHV3_ORF148,254131,P90,7,1.0,sv,-18,DEL,2097,2097
CyHV3_ORF149,256462,P90,7,0.93,sv,39,INS,1809,1946
,265177,P90,7,0.997,sv,12,INS,1985,1991
CyHV3_ORF156,270829,P90,7,0.666,sv,19,INS,1416,2126
CyHV3_ORF156,272012,P90,7,0.984,sv,-24,DEL,2093,2128
CyHV3_ORF6_1,11375,P90,8,0.228,sv,29,INS,1193,5240
CyHV3_ORF6_1,11384,P90,8,1.0,sv,-33,DEL,5825,5825
,14453,P90,8,0.976,sv,25,INS,4731,4848
CyHV3_ORF7_1|CyHV3_ORF8_1,16096,P90,8,0.159,sv,-42,DEL,838,5265
,22620,P90,8,0.985,sv,56,INS,2717,2759
CyHV3_ORF11|CyHV3_ORF12,29473,P90,8,0.392,sv,24,INS,1113,2842
CyHV3_ORF19,37879,P90,8,0.701,sv,28,INS,1757,2508
CyHV3_ORF25,47131,P90,8,0.865,sv,18,INS,2162,2500
CyHV3_ORF25,47325,P90,8,0.378,sv,-1871,DEL,947,2504
CyHV3_ORF27,49268,P90,8,0.873,sv,-75,DEL,2219,2541
CyHV3_ORF30,53453,P90,8,0.325,sv,38,INS,830,2556
CyHV3_ORF33|CyHV3_ORF40|CyHV3_ORF41,60281,P90,8,1.0,sv,-25,DEL,2717,2717
CyHV3_ORF33|CyHV3_ORF43,69696,P90,8,1.0,sv,27,INS,2349,2349
CyHV3_ORF33|CyHV3_ORF44|CyHV3_ORF45|CyHV3_ORF46|CyHV3_ORF47|CyHV3_ORF48,83046,P90,8,0.225,sv,39,INS,507,2249
CyHV3_ORF33|CyHV3_ORF44|CyHV3_ORF45|CyHV3_ORF46|CyHV3_ORF47|CyHV3_ORF48,83076,P90,8,0.763,sv,48,INS,1717,2249
,95731,P90,8,1.0,sv,-11,DEL,3242,3242
CyHV3_ORF64,120042,P90,8,0.257,sv,18,INS,576,2238
CyHV3_ORF84|CyHV3_ORF85,155446,P90,8,1.0,sv,-33,DEL,2312,2312
CyHV3_ORF97,177568,P90,8,0.74,sv,-72,DEL,1639,2215
CyHV3_ORF97,177568,P90,8,0.275,sv,-80,DEL,610,2215
CyHV3_ORF97,178820,P90,8,0.856,sv,-12,DEL,1982,2315
CyHV3_ORF101|CyHV3_ORF103,192550,P90,8,0.977,sv,24,INS,2094,2144
CyHV3_ORF122,216443,P90,8,1.0,sv,126,INS,2495,2495
,228198,P90,8,1.0,sv,74,INS,2593,2593
,229939,P90,8,1.0,sv,-17,DEL,2391,2391
CyHV3_ORF135,230496,P90,8,0.713,sv,15,INS,1627,2281
CyHV3_ORF136,231446,P90,8,1.0,sv,12,INS,2353,2353
CyHV3_ORF139,240001,P90,8,0.959,sv,-21,DEL,2350,2451
CyHV3_ORF145,249095,P90,8,0.241,sv,10,INS,560,2320
CyHV3_ORF148,254131,P90,8,1.0,sv,-18,DEL,2768,2768
CyHV3_ORF149,256462,P90,8,0.982,sv,39,INS,2373,2416
,265177,P90,8,1.0,sv,12,INS,2546,2546
CyHV3_ORF156,270829,P90,8,0.762,sv,19,INS,1943,2551
CyHV3_ORF156,272012,P90,8,1.0,sv,-24,DEL,2589,2589
CyHV3_ORF6_1,11375,P90,9,0.139,sv,29,INS,933,6707
CyHV3_ORF6_1,11384,P90,9,1.0,sv,-33,DEL,7770,7770
,14453,P90,9,1.0,sv,25,INS,6304,6304
CyHV3_ORF7_1|CyHV3_ORF8_1,15501,P90,9,1.0,sv,12,INS,7594,7594
CyHV3_ORF7_1|CyHV3_ORF8_1,16096,P90,9,0.18,sv,-42,DEL,1270,7038
,22620,P90,9,0.974,sv,56,INS,3839,3942
CyHV3_ORF11|CyHV3_ORF12,29473,P90,9,0.27,sv,24,INS,1175,4349
CyHV3_ORF19,37879,P90,9,0.782,sv,28,INS,3089,3948
CyHV3_ORF25,47057,P90,9,0.361,sv,-1871,DEL,1402,3884
CyHV3_ORF25,47131,P90,9,0.815,sv,18,INS,3177,3900
CyHV3_ORF27,49268,P90,9,0.919,sv,-75,DEL,3656,3979
CyHV3_ORF30,53453,P90,9,0.243,sv,38,INS,967,3973
CyHV3_ORF33|CyHV3_ORF43,69696,P90,9,1.0,sv,27,INS,3903,3903
CyHV3_ORF33|CyHV3_ORF44|CyHV3_ORF45|CyHV3_ORF46|CyHV3_ORF47|CyHV3_ORF48,83046,P90,9,0.199,sv,39,INS,733,3679
CyHV3_ORF33|CyHV3_ORF44|CyHV3_ORF45|CyHV3_ORF46|CyHV3_ORF47|CyHV3_ORF48,83076,P90,9,0.852,sv,48,INS,3136,3679
CyHV3_ORF64,120042,P90,9,0.276,sv,18,INS,1007,3646
CyHV3_ORF97,177568,P90,9,0.841,sv,-72,DEL,3150,3745
CyHV3_ORF97,177568,P90,9,0.326,sv,-80,DEL,1220,3745
CyHV3_ORF101|CyHV3_ORF103,192550,P90,9,1.0,sv,24,INS,3815,3815
CyHV3_ORF122,216443,P90,9,1.0,sv,126,INS,4070,4070
,228198,P90,9,1.0,sv,74,INS,3996,3996
CyHV3_ORF135,230496,P90,9,0.793,sv,15,INS,2785,3510
CyHV3_ORF136,231446,P90,9,0.965,sv,12,INS,3389,3513
CyHV3_ORF139,240001,P90,9,0.897,sv,-21,DEL,3185,3551
CyHV3_ORF145,249095,P90,9,0.223,sv,10,INS,836,3753
CyHV3_ORF149,256462,P90,9,0.956,sv,39,INS,3786,3962
CyHV3_ORF149,256462,P90,9,0.13,sv,40,INS,517,3962
,265177,P90,9,1.0,sv,12,INS,3807,3807
CyHV3_ORF156,270829,P90,9,0.838,sv,19,INS,3187,3805
CyHV3_ORF156,270829,P90,9,0.107,sv,21,INS,409,3805
CyHV3_ORF156,272012,P90,9,1.0,sv,-24,DEL,4003,4003
